{
    "eastern": [
        {
            "POSTO": "1",
            "SQUADRA": "BOSTON CELTICS",
            "VITTORIE": "16",
            "SCONFITTE": "4"
        },
        {
            "POSTO": "2",
            "SQUADRA": "MILWAUKEE BUCKS",
            "VITTORIE": "14",
            "SCONFITTE": "5"
        },
        {
            "POSTO": "3",
            "SQUADRA": "CLEVELAND CAVALIERS",
            "VITTORIE": "13",
            "SCONFITTE": "7"
        },
        {
            "POSTO": "4",
            "SQUADRA": "INDIANA PACERS",
            "VITTORIE": "11",
            "SCONFITTE": "8"
        },
        {
            "POSTO": "5",
            "SQUADRA": "ATLANTA HAWKS",
            "VITTORIE": "11",
            "SCONFITTE": "9"
        },
        {
            "POSTO": "6",
            "SQUADRA": "PHILADELPHIA 76ERS",
            "VITTORIE": "11",
            "SCONFITTE": "9"
        },
        {
            "POSTO": "7",
            "SQUADRA": "TORONTO RAPTORS",
            "VITTORIE": "10",
            "SCONFITTE": "9"
        },
        {
            "POSTO": "8",
            "SQUADRA": "WASHINGTON WIZARDS",
            "VITTORIE": "10",
            "SCONFITTE": "10"
        },
        {
            "POSTO": "9",
            "SQUADRA": "BROOKLIN NETS",
            "VITTORIE": "10",
            "SCONFITTE": "11"
        },
        {
            "POSTO": "10",
            "SQUADRA": "MIAMI HEAT",
            "VITTORIE": "10",
            "SCONFITTE": "11"
        },
        {
            "POSTO": "11",
            "SQUADRA": "NEW YORK KNICKS",
            "VITTORIE": "9",
            "SCONFITTE": "11"
        },
        {
            "POSTO": "12",
            "SQUADRA": "CHICAGO BULLS",
            "VITTORIE": "8",
            "SCONFITTE": "11"
        },
        {
            "POSTO": "13",
            "SQUADRA": "CHARLOTTE HORNETS",
            "VITTORIE": "6",
            "SCONFITTE": "14"
        },
        {
            "POSTO": "14",
            "SQUADRA": "ORLANDO MAGIC",
            "VITTORIE": "5",
            "SCONFITTE": "15"
        },
        {
            "POSTO": "15",
            "SQUADRA": "DETROIT PISTONS",
            "VITTORIE": "5",
            "SCONFITTE": "17"
        }
    ]
}