{
    "G1": [
        {
            "TITOLO": "MVP",
            "GIOCATORE": "K. Abdul-Jabbar",
            "NUMERI_TITOLI": "3",
            "ANNO": "1976-1977-1980"
        },
        {
            "TITOLO": "MVP",
            "GIOCATORE": "M. Johnson",
            "NUMERI_TITOLI": "6",
            "ANNO": "1987-1989-1990"
        },
        {
            "TITOLO": "MVP",
            "GIOCATORE": "O'neal",
            "NUMERI_TITOLI": "7",
            "ANNO": "2000"
        },
        {
            "TITOLO": "MVP",
            "GIOCATORE": "Bryant",
            "NUMERI_TITOLI": "8",
            "ANNO": "2008"
        },
        {
            "TITOLO": "MVP FINALS",
            "GIOCATORE": "J. West",
            "NUMERI_TITOLI": "9",
            "ANNO": "1969"
        },
        {
            "TITOLO": "MVP FINALS",
            "GIOCATORE": "W. Chamberlein",
            "NUMERI_TITOLI": "10",
            "ANNO": "1972"
        },
        {
            "TITOLO": "MVP FINALS",
            "GIOCATORE": "M. Johnson",
            "NUMERI_TITOLI": "13",
            "ANNO": "1980-1982-1987"
        },
        {
            "TITOLO": "MVP FINALS",
            "GIOCATORE": "K. Abdul-Jabbar",
            "NUMERI_TITOLI": "14",
            "ANNO": "1985"
        },
        {
            "TITOLO": "MVP FINALS",
            "GIOCATORE": "J. Worthy",
            "NUMERI_TITOLI": "15",
            "ANNO": "1988"
        },
        {
            "TITOLO": "MVP FINALS",
            "GIOCATORE": "O'neal",
            "NUMERI_TITOLI": "18",
            "ANNO": "2000-2001-2002"
        },
        {
            "TITOLO": "MVP FINALS",
            "GIOCATORE": "Bryant",
            "NUMERI_TITOLI": "20",
            "ANNO": "2009-2010"
        },
        {
            "TITOLO": "MVP FINALS",
            "GIOCATORE": "James",
            "NUMERI_TITOLI": "21",
            "ANNO": "2020"
        },
        {
            "TITOLO": "DIFENSORE DELL'ANNO",
            "GIOCATORE": "Cooper",
            "NUMERI_TITOLI": "22",
            "ANNO": "1987"
        },
        {
            "TITOLO": "SESTO UOMO DELL'ANNO",
            "GIOCATORE": "Odom",
            "NUMERI_TITOLI": "23",
            "ANNO": "2011"
        },
        {
            "TITOLO": "ROOKIE DELL'ANNO",
            "GIOCATORE": "Baylor",
            "NUMERI_TITOLI": "24",
            "ANNO": "1959"
        },
        {
            "TITOLO": "COACH DELL'ANNO",
            "GIOCATORE": "Sharman",
            "NUMERI_TITOLI": "25",
            "ANNO": "1972"
        },
        {
            "TITOLO": "COACH DELL'ANNO",
            "GIOCATORE": "Riley",
            "NUMERI_TITOLI": "26",
            "ANNO": "1990"
        },
        {
            "TITOLO": "COACH DELL'ANNO",
            "GIOCATORE": "Harris",
            "NUMERI_TITOLI": "27",
            "ANNO": "1995"
        },
        {
            "TITOLO": "MVP ALL STAR GAME",
            "GIOCATORE": "Mikan",
            "NUMERI_TITOLI": "28",
            "ANNO": "1953"
        },
        {
            "TITOLO": "MVP ALL STAR GAME",
            "GIOCATORE": "Baylor",
            "NUMERI_TITOLI": "29",
            "ANNO": "1959"
        },
        {
            "TITOLO": "MVP ALL STAR GAME",
            "GIOCATORE": "West",
            "NUMERI_TITOLI": "30",
            "ANNO": "1972"
        },
        {
            "TITOLO": "MVP ALL STAR GAME",
            "GIOCATORE": "M.Johnson",
            "NUMERI_TITOLI": "32",
            "ANNO": "1990-1992"
        },
        {
            "TITOLO": "MVP ALL STAR GAME",
            "GIOCATORE": "O'neal",
            "NUMERI_TITOLI": "34",
            "ANNO": "2000-2004"
        },
        {
            "TITOLO": "MVP ALL STAR GAME",
            "GIOCATORE": "Bryant",
            "NUMERI_TITOLI": "38",
            "ANNO": "2002-2007-2009-2011"
        }
    ]
}