{
    "G2": [
        {
            "TITOLO": "MVP",
            "GIOCATORE": "K. Abdul-Jabbar",
            "NUMERI_TITOLI": "3",
            "ANNO": "1976-1977-1980"
        },
        {
            "TITOLO": "MVP",
            "GIOCATORE": "M. Johnson",
            "NUMERI_TITOLI": "6",
            "ANNO": "1987-1989-1990"
        },
        {
            "TITOLO": "MVP",
            "GIOCATORE": "O'neal",
            "NUMERI_TITOLI": "7",
            "ANNO": "2000"
        },
        {
            "TITOLO": "MVP",
            "GIOCATORE": "Bryant",
            "NUMERI_TITOLI": "8",
            "ANNO": "2008"
        },
        {
            "TITOLO": "MVP FINALS",
            "GIOCATORE": "J. West",
            "NUMERI_TITOLI": "9",
            "ANNO": "1969"
        },
        {
            "TITOLO": "MVP FINALS",
            "GIOCATORE": "W. Chamberlein",
            "NUMERI_TITOLI": "10",
            "ANNO": "1972"
        },
        {
            "TITOLO": "MVP FINALS",
            "GIOCATORE": "M. Johnson",
            "NUMERI_TITOLI": "13",
            "ANNO": "1980-1982-1987"
        }
    ]
}