{
    "S2": [
        {
            "NUMERO_TITOLO": "1",
            "ANNO": "1949"
        },
        {
            "NUMERO_TITOLO": "2",
            "ANNO": "1950"
        },
        {
            "NUMERO_TITOLO": "3",
            "ANNO": "1952"
        },
        {
            "NUMERO_TITOLO": "4",
            "ANNO": "1953"
        },
        {
            "NUMERO_TITOLO": "5",
            "ANNO": "1954"
        },
        {
            "NUMERO_TITOLO": "6",
            "ANNO": "1972"
        },
        {
            "NUMERO_TITOLO": "7",
            "ANNO": "1980"
        }
        
    ]
    
}