{
    "western": [
        {
            "POSTO": "1",
            "SQUADRA": "PHOENIX SUNS",
            "VITTORIE": "13",
            "SCONFITTE": "6"
        },
        {
            "POSTO": "2",
            "SQUADRA": "DENVER NUGGETS",
            "VITTORIE": "12",
            "SCONFITTE": "7"
        },
        {
            "POSTO": "3",
            "SQUADRA": "MEMPHIS GRIZZLES",
            "VITTORIE": "12",
            "SCONFITTE": "8"
        },
        {
            "POSTO": "4",
            "SQUADRA": "NEW ORLEANS PELICANS",
            "VITTORIE": "11",
            "SCONFITTE": "8"
        },
        {
            "POSTO": "5",
            "SQUADRA": "LOS ANGELES CLIPPERS",
            "VITTORIE": "12",
            "SCONFITTE": "9"
        },
        {
            "POSTO": "6",
            "SQUADRA": "SACRAMENTO KINGS",
            "VITTORIE": "10",
            "SCONFITTE": "8"
        },
        {
            "POSTO": "7",
            "SQUADRA": "PORTLAND TRAIL-BLAZERS",
            "VITTORIE": "11",
            "SCONFITTE": "9"
        },
        {
            "POSTO": "8",
            "SQUADRA": "UTAH JAZZ",
            "VITTORIE": "11",
            "SCONFITTE": "9"
        },
        {
            "POSTO": "9",
            "SQUADRA": "GOLDEN STATE WARRIORS",
            "VITTORIE": "11",
            "SCONFITTE": "10"
        },
        {
            "POSTO": "10",
            "SQUADRA": "MINNESOTA TIMBERWOLVES",
            "VITTORIE": "10",
            "SCONFITTE": "10"
        },
        {
            "POSTO": "11",
            "SQUADRA": "DALLAS MAVERICKS",
            "VITTORIE": "9",
            "SCONFITTE": "10"
        },
        {
            "POSTO": "12",
            "SQUADRA": "OKC THUNDER",
            "VITTORIE": "8",
            "SCONFITTE": "12"
        },
        {
            "POSTO": "13",
            "SQUADRA": "LOS ANGELES LAKERS",
            "VITTORIE": "7",
            "SCONFITTE": "11"
        },
        {
            "POSTO": "14",
            "SQUADRA": "SAN ANTONIO SPURS",
            "VITTORIE": "6",
            "SCONFITTE": "15"
        },
        {
            "POSTO": "15",
            "SQUADRA": "HOUSTON ROCKETS",
            "VITTORIE": "5",
            "SCONFITTE": "14"
        }
    ]
}